baseline,scenario_name,algorithm,size,optimizer,annealings,iterations,status,score,evaluation,exec_time,total_cost,max_time
qb-linear,scenario1,qaoa,6,linear,-,-,solution_found,986.352594306552,602.007717392393,0.0226149782538414,483.45543478478623,720.56
qb-linear,scenario1,qaoa,8,linear,-,-,solution_found,986.352594306552,602.007717392393,0.022190652787685394,483.45543478478623,720.56
qb-linear,scenario3,ghz,6,linear,-,-,solution_found,565.32,533.0400000000001,0.016397694125771523,614.7830155095629,533.0400000000001
qb-linear,scenario1,qnn,8,linear,-,-,solution_found,536.4831160074561,317.0453467369869,0.019741550087928772,247.13069347397382,386.96000000000004
qb-linear,scenario3,qft,10,linear,-,-,solution_found,265.6,229.51999999999998,0.01751881092786789,200.07617253840908,229.51999999999998
qb-nonlinear,scenario2,qaoa,10,nonlinear,10,40,solution_found,-667.6559377253295,-667.6559377253295,25.101101022213697,667.6559377253295,1572.72
qb-nonlinear,scenario2,wstate,8,nonlinear,10,40,no_backends_available,-,-,-,-,-
qb-nonlinear,scenario2,twolocalrandom,6,nonlinear,10,40,solution_found,-253.64640916580277,-253.64640916580277,21.215129176154733,253.64640916580277,749.12
qb-linear,scenario2,ghz,10,linear,-,-,no_solution_found,-,-,0.010679608210921288,-,-
qb-nonlinear,scenario2,qft,6,nonlinear,10,40,solution_found,-253.7316217303837,-253.7316217303837,20.936994275078177,253.7316217303837,725.9200000000001
qb-nonlinear,scenario3,vqe,6,nonlinear,10,40,solution_found,195.1,195.1,15.04422035254538,206.15411692016872,195.1
qb-linear,scenario1,qnn,6,linear,-,-,solution_found,536.4831160074561,317.0453467369869,0.020583704113960266,247.13069347397382,386.96000000000004
qb-nonlinear,scenario1,wstate,8,nonlinear,10,40,no_backends_available,-,-,-,-,-
qb-linear,scenario2,qaoa,8,linear,-,-,solution_found,-1729.159105335793,-657.0218393686228,0.016348320990800858,657.0218393686228,1338.1200000000001
qb-linear,scenario3,qnn,6,linear,-,-,solution_found,326.24,291.67999999999995,0.01800139620900154,287.6488527429426,291.67999999999995
qb-nonlinear,scenario2,qpeexact,10,nonlinear,10,40,no_solution_found,-,-,0.002180851995944977,-,-
qb-linear,scenario1,qpeexact,10,linear,-,-,no_backends_available,-,-,-,-,-
qb-linear,scenario1,qft,8,linear,-,-,solution_found,418.6786413938874,233.0325441352035,0.020677726715803146,171.90508827040702,294.15999999999997
qb-nonlinear,scenario2,vqe,8,nonlinear,10,40,solution_found,-253.87810624494404,-253.87810624494404,21.89165228046477,253.87810624494404,697.72
qb-linear,scenario1,ghz,10,linear,-,-,no_backends_available,-,-,-,-,-
qb-nonlinear,scenario3,ghz,10,nonlinear,10,40,solution_found,733.5899999999999,733.5899999999999,17.439179638400674,924.6255808353212,733.5899999999999
qb-nonlinear,scenario1,ghz,8,nonlinear,10,40,no_solution_found,-,-,0.0020875222980976105,-,-
qb-linear,scenario3,realamprandom,10,linear,-,-,solution_found,265.6,229.51999999999998,0.0178657416254282,200.07617253840908,229.51999999999998
qb-linear,scenario2,twolocalrandom,8,linear,-,-,solution_found,-881.3454744713816,-251.3387501360923,0.01662471890449524,251.3387501360923,849.32
qb-nonlinear,scenario2,dj,8,nonlinear,10,40,solution_found,-576.7539144315122,-576.7539144315122,23.993699960410595,576.7539144315122,1594.12
qb-nonlinear,scenario3,ghz,8,nonlinear,10,40,solution_found,615.12,615.12,16.50311601907015,774.4506218879395,615.12
qb-linear,scenario3,dj,8,linear,-,-,solution_found,446.02,413.04,0.018027413636446,454.6951911697324,413.04
qb-nonlinear,scenario3,qft,8,nonlinear,10,40,solution_found,195.69,195.69,15.352577403187752,205.20478787142576,195.69
qb-linear,scenario2,qft,10,linear,-,-,solution_found,-881.3454744713816,-251.3387501360923,0.01680210418999195,251.3387501360923,849.32
qb-linear,scenario1,vqe,8,linear,-,-,solution_found,418.6786413938874,233.0325441352035,0.020790936425328255,171.90508827040702,294.15999999999997
qb-linear,scenario2,qnn,8,linear,-,-,solution_found,-1119.8693340790699,-365.91392298536414,0.01634785905480385,365.91392298536414,1151.52
qb-linear,scenario1,dj,8,linear,-,-,solution_found,856.9517614238332,491.0464963608674,0.04011594504117966,471.0529927217349,511.04
qb-nonlinear,scenario2,wstate,6,nonlinear,10,40,no_solution_found,-,-,0.0028705187141895294,-,-
qb-nonlinear,scenario3,qnn,6,nonlinear,10,40,solution_found,255.44,255.44,15.12804078310728,293.4490489446374,255.44
qb-linear,scenario1,qpeexact,8,linear,-,-,no_backends_available,-,-,-,-,-
qb-nonlinear,scenario3,dj,8,nonlinear,10,40,solution_found,375.07,375.07,18.077148808166385,458.27593921991524,375.07
qb-linear,scenario3,qaoa,6,linear,-,-,solution_found,505.76,473.36,0.016033444553613663,535.3690667760226,473.36
qb-linear,scenario3,qnn,8,linear,-,-,solution_found,326.24,291.67999999999995,0.016690274700522423,287.6488527429426,291.67999999999995
qb-nonlinear,scenario1,wstate,6,nonlinear,10,40,no_backends_available,-,-,-,-,-
qb-nonlinear,scenario3,realamprandom,6,nonlinear,10,40,solution_found,197.25,197.25,14.852515190839767,204.87154973054484,197.25
qb-linear,scenario1,ghz,6,linear,-,-,no_solution_found,-,-,0.01126357726752758,-,-
qb-linear,scenario1,wstate,6,linear,-,-,no_backends_available,-,-,-,-,-
qb-linear,scenario2,realamprandom,10,linear,-,-,solution_found,-881.3454744713816,-251.3387501360923,0.016272732987999916,251.3387501360923,849.32
qb-nonlinear,scenario1,twolocalrandom,10,nonlinear,10,40,solution_found,200.74709674462724,200.74709674462724,25.02496518008411,205.57419348925444,195.92000000000002
qb-linear,scenario1,vqe,10,linear,-,-,solution_found,418.6786413938874,233.0325441352035,0.021123170852661133,171.90508827040702,294.15999999999997
qb-linear,scenario2,dj,10,linear,-,-,solution_found,-1535.216906290117,-565.6359819847767,0.016643527895212173,565.6359819847767,1296.12
qb-linear,scenario2,qpeexact,10,linear,-,-,no_solution_found,-,-,0.010473566129803658,-,-
qb-linear,scenario1,realamprandom,8,linear,-,-,solution_found,418.6786413938874,233.0325441352035,0.01994345523416996,171.90508827040702,294.15999999999997
qb-nonlinear,scenario1,qpeexact,6,nonlinear,10,40,no_solution_found,-,-,0.002476304769515991,-,-
qb-nonlinear,scenario3,qft,6,nonlinear,10,40,solution_found,195.1,195.1,14.960032280534506,205.683304777869,195.1
qb-linear,scenario2,dj,8,linear,-,-,solution_found,-1535.216906290117,-565.6359819847767,0.017580857500433922,565.6359819847767,1296.12
qb-linear,scenario3,wstate,8,linear,-,-,no_solution_found,-,-,0.01204276829957962,-,-
qb-linear,scenario1,dj,10,linear,-,-,solution_found,856.9517614238332,491.0464963608674,0.03782940097153187,471.0529927217349,511.04
qb-linear,scenario3,dj,10,linear,-,-,solution_found,446.02,413.04,0.016207220032811165,454.6951911697324,413.04
qb-linear,scenario3,ghz,8,linear,-,-,solution_found,693.2,661.04,0.01663760282099247,764.7153608513379,661.04
qb-nonlinear,scenario3,wstate,10,nonlinear,10,40,solution_found,1331.6,1331.6,22.843481179326773,1647.757812987745,1331.6
qb-linear,scenario2,wstate,10,linear,-,-,no_backends_available,-,-,-,-,-
qb-nonlinear,scenario3,dj,6,nonlinear,10,40,solution_found,374.6,374.6,16.822138596326113,460.8279566182383,374.6
qb-nonlinear,scenario1,twolocalrandom,6,nonlinear,10,40,solution_found,200.8255560048561,200.8255560048561,22.900200439617038,204.8511120097122,196.8
qb-linear,scenario2,wstate,8,linear,-,-,no_backends_available,-,-,-,-,-
qb-nonlinear,scenario1,qaoa,6,nonlinear,10,40,solution_found,574.881228384063,574.881228384063,11.030407348647714,490.49245676812586,659.2700000000001
qb-nonlinear,scenario2,qpeexact,6,nonlinear,10,40,solution_found,-752.2273798107082,-752.2273798107082,22.129099724814296,752.2273798107082,1580.6200000000001
qb-linear,scenario1,qnn,10,linear,-,-,solution_found,536.4831160074561,317.0453467369869,0.01947985589504242,247.13069347397382,386.96000000000004
qb-nonlinear,scenario2,ghz,8,nonlinear,10,40,solution_found,-786.7974872135189,-786.7974872135189,9.237515464425087,786.7974872135189,1550.6499999999999
qb-linear,scenario2,vqe,8,linear,-,-,solution_found,-881.3454744713816,-251.3387501360923,0.01653078943490982,251.3387501360923,849.32
qb-linear,scenario2,ghz,6,linear,-,-,solution_found,-1917.7313161963475,-745.2467187855067,0.01399231143295765,745.2467187855067,1369.92
qb-nonlinear,scenario1,realamprandom,10,nonlinear,10,40,solution_found,200.70478871953173,200.70478871953173,24.573538072407246,205.3395774390635,196.07
qb-linear,scenario3,qpeexact,10,linear,-,-,solution_found,867.17,829.84,0.015606079250574112,751.7761306845786,829.84
qb-nonlinear,scenario1,qft,10,nonlinear,10,40,solution_found,200.4797520663588,200.4797520663588,24.430872339755297,205.28950413271758,195.67000000000002
qb-linear,scenario1,qaoa,10,linear,-,-,solution_found,986.352594306552,602.007717392393,0.023727286607027054,483.45543478478623,720.56
qb-nonlinear,scenario1,wstate,10,nonlinear,10,40,no_backends_available,-,-,-,-,-
qb-nonlinear,scenario2,qnn,8,nonlinear,10,40,solution_found,-365.57974876943325,-365.57974876943325,21.72625482454896,365.57974876943325,1084.92
qb-linear,scenario3,qpeexact,8,linear,-,-,solution_found,867.17,829.84,0.0195881649851799,751.7761306845786,829.84
qb-nonlinear,scenario2,vqe,10,nonlinear,10,40,solution_found,-252.98974610910784,-252.98974610910784,22.25782728381455,252.98974610910784,669.12
qb-nonlinear,scenario1,ghz,6,nonlinear,10,40,no_solution_found,-,-,0.0026543550193309784,-,-
qb-nonlinear,scenario2,ghz,10,nonlinear,10,40,no_solution_found,-,-,0.0030656754970550537,-,-
qb-linear,scenario2,ghz,8,linear,-,-,solution_found,-1973.7919621890228,-790.441413341078,0.016214517876505852,790.441413341078,1322.5
qb-nonlinear,scenario1,realamprandom,6,nonlinear,10,40,solution_found,200.3916706999168,200.3916706999168,23.379301412031054,204.51334139983362,196.26999999999998
qb-nonlinear,scenario1,dj,6,nonlinear,10,40,solution_found,470.48436484121737,470.48436484121737,17.447183527052402,476.89872968243475,464.07
qb-linear,scenario1,twolocalrandom,6,linear,-,-,solution_found,418.6786413938874,233.0325441352035,0.020062634721398354,171.90508827040702,294.15999999999997
qb-linear,scenario2,qpeexact,8,linear,-,-,no_solution_found,-,-,0.01020805723965168,-,-
qb-nonlinear,scenario2,realamprandom,8,nonlinear,10,40,solution_found,-253.33827767647628,-253.33827767647628,22.169560620561242,253.33827767647628,735.32
qb-nonlinear,scenario1,realamprandom,8,nonlinear,10,40,solution_found,200.34857333907263,200.34857333907263,23.510418009012938,205.39714667814525,195.3
qb-nonlinear,scenario2,qpeexact,8,nonlinear,10,40,no_solution_found,-,-,0.00287662073969841,-,-
qb-linear,scenario3,qft,6,linear,-,-,solution_found,265.6,229.51999999999998,0.01763845607638359,200.07617253840908,229.51999999999998
qb-nonlinear,scenario1,ghz,10,nonlinear,10,40,no_backends_available,-,-,-,-,-
qb-linear,scenario3,qaoa,8,linear,-,-,solution_found,505.76,473.36,0.016277045011520386,535.3690667760226,473.36
qb-nonlinear,scenario2,qft,10,nonlinear,10,40,solution_found,-253.42925794468542,-253.42925794468542,22.66943357512355,253.42925794468542,702.5200000000001
qb-nonlinear,scenario3,qaoa,10,nonlinear,10,40,solution_found,432.56,432.56,18.96784608066082,539.4209569523771,432.56
qb-nonlinear,scenario2,realamprandom,10,nonlinear,10,40,solution_found,-253.4214283630628,-253.4214283630628,22.317445930093527,253.4214283630628,708.5200000000001
qb-nonlinear,scenario2,ghz,6,nonlinear,10,40,solution_found,-757.7790045822712,-757.7790045822712,22.175530126318336,757.7790045822712,1595.32
qb-nonlinear,scenario1,twolocalrandom,8,nonlinear,10,40,solution_found,200.57776138973261,200.57776138973261,23.75314967148006,203.85552277946522,197.3
qb-linear,scenario3,twolocalrandom,8,linear,-,-,solution_found,265.6,229.51999999999998,0.016482634469866753,200.07617253840908,229.51999999999998
qb-linear,scenario3,vqe,10,linear,-,-,solution_found,265.6,229.51999999999998,0.01603611186146736,200.07617253840908,229.51999999999998
qb-nonlinear,scenario3,wstate,8,nonlinear,10,40,solution_found,1087.3600000000001,1087.3600000000001,20.344325540587306,1368.2845186077575,1087.3600000000001
qb-linear,scenario2,realamprandom,6,linear,-,-,solution_found,-881.3454744713816,-251.3387501360923,0.01618916727602482,251.3387501360923,849.32
qb-linear,scenario3,wstate,10,linear,-,-,no_solution_found,-,-,0.012169482186436653,-,-
qb-linear,scenario1,ghz,8,linear,-,-,no_solution_found,-,-,0.011239951476454735,-,-
qb-linear,scenario3,qnn,10,linear,-,-,solution_found,326.24,291.67999999999995,0.017196303233504295,287.6488527429426,291.67999999999995
qb-nonlinear,scenario1,qnn,6,nonlinear,10,40,solution_found,274.26866662009576,274.26866662009576,23.823688600212336,293.4173332401915,255.12000000000003
qb-nonlinear,scenario3,dj,10,nonlinear,10,40,solution_found,373.6,373.6,19.19769174978137,459.96822611825075,373.6
qb-nonlinear,scenario1,qaoa,10,nonlinear,10,40,solution_found,576.4505630300016,576.4505630300016,11.712145639583468,490.40112606000315,662.5000000000001
qb-linear,scenario2,qaoa,6,linear,-,-,solution_found,-1729.159105335793,-657.0218393686228,0.01798224449157715,657.0218393686228,1338.1200000000001
qb-nonlinear,scenario1,vqe,6,nonlinear,10,40,solution_found,200.7607374838968,200.7607374838968,23.530981678515673,204.0514749677936,197.47
qb-linear,scenario2,wstate,6,linear,-,-,no_solution_found,-,-,0.010528840124607086,-,-
qb-nonlinear,scenario3,twolocalrandom,10,nonlinear,10,40,solution_found,195.67000000000002,195.67000000000002,16.105771254748106,205.67091706041037,195.67000000000002
qb-linear,scenario2,qnn,6,linear,-,-,solution_found,-1119.8693340790699,-365.91392298536414,0.016441192477941513,365.91392298536414,1151.52
qb-nonlinear,scenario1,qpeexact,8,nonlinear,10,40,no_backends_available,-,-,-,-,-
qb-linear,scenario3,qpeexact,6,linear,-,-,solution_found,565.32,533.0400000000001,0.01646055281162262,614.7830155095629,533.0400000000001
qb-nonlinear,scenario3,qaoa,6,nonlinear,10,40,solution_found,435.68999999999994,435.68999999999994,17.000887604430318,539.4498540015658,435.68999999999994
qb-linear,scenario3,twolocalrandom,10,linear,-,-,solution_found,265.6,229.51999999999998,0.017210859805345535,200.07617253840908,229.51999999999998
qb-linear,scenario3,ghz,10,linear,-,-,solution_found,1109.25,1063.6,0.019980762153863907,773.2004561105423,1063.6
qb-nonlinear,scenario1,qft,6,nonlinear,10,40,solution_found,200.9147148803291,200.9147148803291,23.506500525400043,204.69942976065815,197.13
qb-linear,scenario2,twolocalrandom,10,linear,-,-,solution_found,-881.3454744713816,-251.3387501360923,0.016354911029338837,251.3387501360923,849.32
qb-nonlinear,scenario1,qaoa,8,nonlinear,10,40,solution_found,576.016105096001,576.016105096001,11.22639150545001,490.99221019200195,661.04
qb-linear,scenario2,realamprandom,8,linear,-,-,solution_found,-881.3454744713816,-251.3387501360923,0.016324207186698914,251.3387501360923,849.32
qb-nonlinear,scenario2,qaoa,6,nonlinear,10,40,solution_found,-668.1906245356673,-668.1906245356673,23.28635617904365,668.1906245356673,1597.3200000000002
qb-nonlinear,scenario1,qft,8,nonlinear,10,40,solution_found,200.45355791689698,200.45355791689698,23.697874737903476,205.23711583379395,195.67000000000002
qb-linear,scenario1,vqe,6,linear,-,-,solution_found,418.6786413938874,233.0325441352035,0.02009928785264492,171.90508827040702,294.15999999999997
qb-linear,scenario3,dj,6,linear,-,-,solution_found,446.02,413.04,0.016194576397538185,454.6951911697324,413.04
qb-nonlinear,scenario1,qnn,10,nonlinear,10,40,solution_found,274.3511622610111,274.3511622610111,24.56892125122249,290.1323245220222,258.57
qb-nonlinear,scenario1,vqe,10,nonlinear,10,40,solution_found,200.60290585747012,200.60290585747012,24.511879976838827,203.93581171494026,197.26999999999998
qb-nonlinear,scenario2,dj,10,nonlinear,10,40,solution_found,-573.9961254675458,-573.9961254675458,25.527892027050257,573.9961254675458,1571.12
qb-linear,scenario1,twolocalrandom,8,linear,-,-,solution_found,418.6786413938874,233.0325441352035,0.020218241959810257,171.90508827040702,294.15999999999997
qb-nonlinear,scenario2,vqe,6,nonlinear,10,40,solution_found,-253.90565971311358,-253.90565971311358,21.32932681404054,253.90565971311358,699.32
qb-nonlinear,scenario2,realamprandom,6,nonlinear,10,40,solution_found,-253.344994364653,-253.344994364653,21.79960284754634,253.344994364653,734.32
qb-nonlinear,scenario3,realamprandom,8,nonlinear,10,40,solution_found,195.57,195.57,15.366173831745982,205.35441865045985,195.57
qb-nonlinear,scenario2,qaoa,8,nonlinear,10,40,solution_found,-669.2827608810425,-669.2827608810425,23.668225018307567,669.2827608810425,1565.5200000000002
qb-nonlinear,scenario2,twolocalrandom,8,nonlinear,10,40,solution_found,-254.00395930055626,-254.00395930055626,21.666105967015028,254.00395930055626,749.5200000000001
qb-nonlinear,scenario3,qaoa,8,nonlinear,10,40,solution_found,434.2000000000001,434.2000000000001,17.895220942795277,539.3495235069441,434.2000000000001
qb-nonlinear,scenario3,twolocalrandom,6,nonlinear,10,40,solution_found,195.28000000000003,195.28000000000003,14.733297232538462,206.14657574306256,195.28000000000003
qb-nonlinear,scenario3,qft,10,nonlinear,10,40,solution_found,195.28000000000003,195.28000000000003,15.893065590411425,205.38269127834093,195.28000000000003
qb-linear,scenario2,qnn,10,linear,-,-,solution_found,-1119.8693340790699,-365.91392298536414,0.01619894616305828,365.91392298536414,1151.52
qb-linear,scenario2,vqe,10,linear,-,-,solution_found,-881.3454744713816,-251.3387501360923,0.017732609063386917,251.3387501360923,849.32
qb-linear,scenario3,qaoa,10,linear,-,-,solution_found,505.76,473.36,0.01781574822962284,535.3690667760226,473.36
qb-nonlinear,scenario3,twolocalrandom,8,nonlinear,10,40,solution_found,194.96,194.96,15.934134393930435,205.77018645073744,194.96
qb-linear,scenario2,qft,6,linear,-,-,solution_found,-881.3454744713816,-251.3387501360923,0.01793244108557701,251.3387501360923,849.32
qb-nonlinear,scenario1,qnn,8,nonlinear,10,40,solution_found,273.3681855514111,273.3681855514111,24.363963045179844,293.02637110282217,253.71
qb-linear,scenario2,twolocalrandom,6,linear,-,-,solution_found,-881.3454744713816,-251.3387501360923,0.017201151698827744,251.3387501360923,849.32
qb-linear,scenario1,wstate,10,linear,-,-,no_backends_available,-,-,-,-,-
qb-linear,scenario2,dj,6,linear,-,-,solution_found,-1535.216906290117,-565.6359819847767,0.017731178551912308,565.6359819847767,1296.12
qb-nonlinear,scenario2,qft,8,nonlinear,10,40,solution_found,-253.86530889865392,-253.86530889865392,21.409942839294672,253.86530889865392,754.72
qb-nonlinear,scenario3,qnn,10,nonlinear,10,40,solution_found,254.65000000000003,254.65000000000003,16.355033461004496,293.27023151855076,254.65000000000003
qb-nonlinear,scenario2,qnn,6,nonlinear,10,40,solution_found,-363.7703088679408,-363.7703088679408,21.303188480436802,363.7703088679408,1084.6200000000001
qb-linear,scenario3,realamprandom,8,linear,-,-,solution_found,265.6,229.51999999999998,0.015602322295308113,200.07617253840908,229.51999999999998
qb-nonlinear,scenario3,wstate,6,nonlinear,10,40,solution_found,854.45,854.45,18.427909845486283,1073.5790861135722,854.45
qb-nonlinear,scenario3,ghz,6,nonlinear,10,40,solution_found,495.80999999999995,495.80999999999995,15.926867606118321,619.0330635387812,495.80999999999995
qb-nonlinear,scenario2,dj,6,nonlinear,10,40,solution_found,-574.9004275287755,-574.9004275287755,22.703280709683895,574.9004275287755,1506.62
qb-nonlinear,scenario3,qpeexact,6,nonlinear,10,40,solution_found,492.47,492.47,17.26550276391208,618.5646453038272,492.47
qb-linear,scenario2,vqe,6,linear,-,-,solution_found,-881.3454744713816,-251.3387501360923,0.016793284565210342,251.3387501360923,849.32
qb-linear,scenario1,qft,10,linear,-,-,solution_found,418.6786413938874,233.0325441352035,0.019987288862466812,171.90508827040702,294.15999999999997
qb-nonlinear,scenario3,qpeexact,10,nonlinear,10,40,solution_found,674.6,674.6,18.90699204057455,851.1586332615602,674.6
qb-linear,scenario1,realamprandom,6,linear,-,-,solution_found,418.6786413938874,233.0325441352035,0.02013220638036728,171.90508827040702,294.15999999999997
qb-linear,scenario3,realamprandom,6,linear,-,-,solution_found,265.6,229.51999999999998,0.016272012144327164,200.07617253840908,229.51999999999998
qb-nonlinear,scenario1,qpeexact,10,nonlinear,10,40,no_backends_available,-,-,-,-,-
qb-linear,scenario1,qft,6,linear,-,-,solution_found,418.6786413938874,233.0325441352035,0.02018285170197487,171.90508827040702,294.15999999999997
qb-linear,scenario2,qaoa,10,linear,-,-,solution_found,-1729.159105335793,-657.0218393686228,0.01703893207013607,657.0218393686228,1338.1200000000001
qb-nonlinear,scenario1,vqe,8,nonlinear,10,40,solution_found,200.33053481882393,200.33053481882393,23.61820533312857,205.56106963764785,195.1
qb-nonlinear,scenario3,qnn,8,nonlinear,10,40,solution_found,254.87,254.87,16.315343532711267,292.6152067501415,254.87
qb-nonlinear,scenario2,twolocalrandom,10,nonlinear,10,40,solution_found,-253.7633856697817,-253.7633856697817,22.135907588526607,253.7633856697817,738.72
qb-nonlinear,scenario1,dj,10,nonlinear,10,40,solution_found,470.1654460398546,470.1654460398546,18.820523308590055,477.26089207970927,463.07
qb-nonlinear,scenario3,vqe,8,nonlinear,10,40,solution_found,195.32999999999998,195.32999999999998,15.571345442906022,204.9788149755953,195.32999999999998
qb-linear,scenario3,vqe,6,linear,-,-,solution_found,265.6,229.51999999999998,0.01569012738764286,200.07617253840908,229.51999999999998
qb-linear,scenario1,twolocalrandom,10,linear,-,-,solution_found,418.6786413938874,233.0325441352035,0.020253702998161316,171.90508827040702,294.15999999999997
qb-linear,scenario3,vqe,8,linear,-,-,solution_found,265.6,229.51999999999998,0.01804104447364807,200.07617253840908,229.51999999999998
qb-nonlinear,scenario3,vqe,10,nonlinear,10,40,solution_found,195.72000000000003,195.72000000000003,15.82978063635528,205.99307938891897,195.72000000000003
qb-nonlinear,scenario2,wstate,10,nonlinear,10,40,no_backends_available,-,-,-,-,-
qb-linear,scenario3,wstate,6,linear,-,-,solution_found,2303.03,2189.7700000000004,0.020686659961938858,754.1418621746099,2189.7700000000004
qb-linear,scenario1,qpeexact,6,linear,-,-,no_solution_found,-,-,0.01364276371896267,-,-
qb-linear,scenario2,qft,8,linear,-,-,solution_found,-881.3454744713816,-251.3387501360923,0.017505867406725883,251.3387501360923,849.32
qb-linear,scenario1,realamprandom,10,linear,-,-,solution_found,418.6786413938874,233.0325441352035,0.021778251975774765,171.90508827040702,294.15999999999997
qb-linear,scenario3,twolocalrandom,6,linear,-,-,solution_found,265.6,229.51999999999998,0.018082719296216965,200.07617253840908,229.51999999999998
qb-nonlinear,scenario1,dj,8,nonlinear,10,40,solution_found,474.02433672809764,474.02433672809764,18.022076522931457,475.47867345619534,472.57
qb-nonlinear,scenario2,qnn,10,nonlinear,10,40,solution_found,-365.40115109907816,-365.40115109907816,22.560984263196588,365.40115109907816,1106.22
qb-linear,scenario3,qft,8,linear,-,-,solution_found,265.6,229.51999999999998,0.0171671099960804,200.07617253840908,229.51999999999998
qb-nonlinear,scenario3,qpeexact,8,nonlinear,10,40,solution_found,673.29,673.29,18.26255202293396,851.3972384069934,673.29
qb-linear,scenario2,qpeexact,6,linear,-,-,solution_found,-1917.7313161963475,-745.2467187855067,0.011899737641215324,745.2467187855067,1369.92
qb-nonlinear,scenario3,realamprandom,10,nonlinear,10,40,solution_found,196.08,196.08,15.901746964082122,204.25622837610177,196.08
qb-linear,scenario1,wstate,8,linear,-,-,no_backends_available,-,-,-,-,-
qb-linear,scenario1,dj,6,linear,-,-,solution_found,856.9517614238332,491.0464963608674,0.039438528940081596,471.0529927217349,511.04
all_fez,scenario1,qnn,10,-,-,-,-,-,810.465806011304,-,362.01161202260806,1258.92
all_fez,scenario2,qnn,10,-,-,-,-,-,-362.01161202260806,-,362.01161202260806,1258.92
all_fez,scenario3,qnn,10,-,-,-,-,-,1258.92,-,362.01161202260806,1258.92
all_sherbrooke,scenario1,vqe,6,-,-,-,-,-,494.0224909443676,-,83.77498188873506,904.2700000000001
all_sherbrooke,scenario2,vqe,6,-,-,-,-,-,-83.77498188873506,-,83.77498188873506,904.2700000000001
all_sherbrooke,scenario3,vqe,6,-,-,-,-,-,904.2700000000001,-,83.77498188873506,904.2700000000001
all_torino,scenario1,qaoa,8,-,-,-,-,-,923.4547322237238,-,543.0094644474474,1303.9
all_torino,scenario2,qaoa,8,-,-,-,-,-,-543.0094644474474,-,543.0094644474474,1303.9
all_torino,scenario3,qaoa,8,-,-,-,-,-,1303.9,-,543.0094644474474,1303.9
all_fez,scenario1,dj,8,-,-,-,-,-,1325.7028500902884,-,573.285700180577,2078.12
all_fez,scenario2,dj,8,-,-,-,-,-,-573.285700180577,-,573.285700180577,2078.12
all_fez,scenario3,dj,8,-,-,-,-,-,2078.12,-,573.285700180577,2078.12
all_kyiv,scenario1,twolocalrandom,10,-,-,-,-,-,356.9350188137996,-,132.26003762759927,581.6099999999999
all_kyiv,scenario2,twolocalrandom,10,-,-,-,-,-,-132.26003762759927,-,132.26003762759927,581.6099999999999
all_kyiv,scenario3,twolocalrandom,10,-,-,-,-,-,581.6099999999999,-,132.26003762759927,581.6099999999999
all_kyiv,scenario1,qaoa,10,-,-,-,-,-,960.0547247570753,-,355.45944951415066,1564.6499999999999
all_kyiv,scenario2,qaoa,10,-,-,-,-,-,-355.45944951415066,-,355.45944951415066,1564.6499999999999
all_kyiv,scenario3,qaoa,10,-,-,-,-,-,1564.6499999999999,-,355.45944951415066,1564.6499999999999
fair,scenario1,twolocalrandom,6,-,-,-,-,-,223.22375348793224,-,197.5775069758645,248.87
fair,scenario2,twolocalrandom,6,-,-,-,-,-,-197.5775069758645,-,197.5775069758645,248.87
fair,scenario3,twolocalrandom,6,-,-,-,-,-,248.87,-,197.5775069758645,248.87
all_marrakesh,scenario1,qft,8,-,-,-,-,-,455.8634975119044,-,171.32699502380885,740.4
all_marrakesh,scenario2,qft,8,-,-,-,-,-,-171.32699502380885,-,171.32699502380885,740.4
all_marrakesh,scenario3,qft,8,-,-,-,-,-,740.4,-,171.32699502380885,740.4
all_kyiv,scenario1,dj,10,-,-,-,-,-,810.279857680378,-,301.669715360756,1318.8899999999999
all_kyiv,scenario2,dj,10,-,-,-,-,-,-301.669715360756,-,301.669715360756,1318.8899999999999
all_kyiv,scenario3,dj,10,-,-,-,-,-,1318.8899999999999,-,301.669715360756,1318.8899999999999
all_sherbrooke,scenario1,qaoa,6,-,-,-,-,-,1383.9175837438736,-,225.16516748774657,2542.6700000000005
all_sherbrooke,scenario2,qaoa,6,-,-,-,-,-,-225.16516748774657,-,225.16516748774657,2542.6700000000005
all_sherbrooke,scenario3,qaoa,6,-,-,-,-,-,2542.6700000000005,-,225.16516748774657,2542.6700000000005
all_fez,scenario1,qaoa,8,-,-,-,-,-,1581.613935395216,-,675.5078707904318,2487.7200000000003
all_fez,scenario2,qaoa,8,-,-,-,-,-,-675.5078707904318,-,675.5078707904318,2487.7200000000003
all_fez,scenario3,qaoa,8,-,-,-,-,-,2487.7200000000003,-,675.5078707904318,2487.7200000000003
all_marrakesh,scenario1,dj,8,-,-,-,-,-,1057.1213214986021,-,390.8026429972043,1723.44
all_marrakesh,scenario2,dj,8,-,-,-,-,-,-390.8026429972043,-,390.8026429972043,1723.44
all_marrakesh,scenario3,dj,8,-,-,-,-,-,1723.44,-,390.8026429972043,1723.44
fair,scenario1,qnn,6,-,-,-,-,-,307.64752698322064,-,284.52505396644125,330.77000000000004
fair,scenario2,qnn,6,-,-,-,-,-,-284.52505396644125,-,284.52505396644125,330.77000000000004
fair,scenario3,qnn,6,-,-,-,-,-,330.77000000000004,-,284.52505396644125,330.77000000000004
all_torino,scenario1,wstate,8,-,-,-,-,-,2471.4960082367843,-,1386.2920164735679,3556.7000000000003
all_torino,scenario2,wstate,8,-,-,-,-,-,-1386.2920164735679,-,1386.2920164735679,3556.7000000000003
all_torino,scenario3,wstate,8,-,-,-,-,-,3556.7000000000003,-,1386.2920164735679,3556.7000000000003
all_torino,scenario1,dj,8,-,-,-,-,-,779.9702499011266,-,460.84049980225325,1099.1
all_torino,scenario2,dj,8,-,-,-,-,-,-460.84049980225325,-,460.84049980225325,1099.1
all_torino,scenario3,dj,8,-,-,-,-,-,1099.1,-,460.84049980225325,1099.1
all_kyiv,scenario1,dj,6,-,-,-,-,-,810.279857680378,-,301.669715360756,1318.8899999999999
all_kyiv,scenario2,dj,6,-,-,-,-,-,-301.669715360756,-,301.669715360756,1318.8899999999999
all_kyiv,scenario3,dj,6,-,-,-,-,-,1318.8899999999999,-,301.669715360756,1318.8899999999999
all_sherbrooke,scenario1,vqe,10,-,-,-,-,-,494.0224909443676,-,83.77498188873506,904.2700000000001
all_sherbrooke,scenario2,vqe,10,-,-,-,-,-,-83.77498188873506,-,83.77498188873506,904.2700000000001
all_sherbrooke,scenario3,vqe,10,-,-,-,-,-,904.2700000000001,-,83.77498188873506,904.2700000000001
all_fez,scenario1,twolocalrandom,10,-,-,-,-,-,550.3293750680461,-,251.3387501360923,849.32
all_fez,scenario2,twolocalrandom,10,-,-,-,-,-,-251.3387501360923,-,251.3387501360923,849.32
all_fez,scenario3,twolocalrandom,10,-,-,-,-,-,849.32,-,251.3387501360923,849.32
all_sherbrooke,scenario1,wstate,6,-,-,-,-,-,2930.711173646922,-,451.55234729384404,5409.87
all_sherbrooke,scenario2,wstate,6,-,-,-,-,-,-451.55234729384404,-,451.55234729384404,5409.87
all_sherbrooke,scenario3,wstate,6,-,-,-,-,-,5409.87,-,451.55234729384404,5409.87
all_kyiv,scenario1,qnn,8,-,-,-,-,-,508.93323276830154,-,190.49646553660313,827.37
all_kyiv,scenario2,qnn,8,-,-,-,-,-,-190.49646553660313,-,190.49646553660313,827.37
all_kyiv,scenario3,qnn,8,-,-,-,-,-,827.37,-,190.49646553660313,827.37
all_sherbrooke,scenario1,qaoa,10,-,-,-,-,-,1383.9175837438736,-,225.16516748774657,2542.6700000000005
all_sherbrooke,scenario2,qaoa,10,-,-,-,-,-,-225.16516748774657,-,225.16516748774657,2542.6700000000005
all_sherbrooke,scenario3,qaoa,10,-,-,-,-,-,2542.6700000000005,-,225.16516748774657,2542.6700000000005
fair,scenario1,wstate,8,-,-,-,-,-,1416.204979056603,-,1355.0399581132058,1477.3700000000001
fair,scenario2,wstate,8,-,-,-,-,-,-1355.0399581132058,-,1355.0399581132058,1477.3700000000001
fair,scenario3,wstate,8,-,-,-,-,-,1477.3700000000001,-,1355.0399581132058,1477.3700000000001
all_torino,scenario1,qpeexact,10,-,-,-,-,-,1491.5104963721126,-,859.9209927442253,2123.1
all_torino,scenario2,qpeexact,10,-,-,-,-,-,-859.9209927442253,-,859.9209927442253,2123.1
all_torino,scenario3,qpeexact,10,-,-,-,-,-,2123.1,-,859.9209927442253,2123.1
all_fez,scenario1,qpeexact,6,-,-,-,-,-,1836.676150128332,-,776.0323002566638,2897.32
all_fez,scenario2,qpeexact,6,-,-,-,-,-,-776.0323002566638,-,776.0323002566638,2897.32
all_fez,scenario3,qpeexact,6,-,-,-,-,-,2897.32,-,776.0323002566638,2897.32
fair,scenario1,vqe,8,-,-,-,-,-,223.22375348793224,-,197.5775069758645,248.87
fair,scenario2,vqe,8,-,-,-,-,-,-197.5775069758645,-,197.5775069758645,248.87
fair,scenario3,vqe,8,-,-,-,-,-,248.87,-,197.5775069758645,248.87
all_sherbrooke,scenario1,ghz,6,-,-,-,-,-,1605.4716868532278,-,258.67337370645504,2952.2700000000004
all_sherbrooke,scenario2,ghz,6,-,-,-,-,-,-258.67337370645504,-,258.67337370645504,2952.2700000000004
all_sherbrooke,scenario3,ghz,6,-,-,-,-,-,2952.2700000000004,-,258.67337370645504,2952.2700000000004
all_sherbrooke,scenario1,ghz,8,-,-,-,-,-,2047.897202228683,-,324.3244044573659,3771.4700000000003
all_sherbrooke,scenario2,ghz,8,-,-,-,-,-,-324.3244044573659,-,324.3244044573659,3771.4700000000003
all_sherbrooke,scenario3,ghz,8,-,-,-,-,-,3771.4700000000003,-,324.3244044573659,3771.4700000000003
all_sherbrooke,scenario1,qnn,10,-,-,-,-,-,717.2680593381644,-,120.66611867632884,1313.8700000000001
all_sherbrooke,scenario2,qnn,10,-,-,-,-,-,-120.66611867632884,-,120.66611867632884,1313.8700000000001
all_sherbrooke,scenario3,qnn,10,-,-,-,-,-,1313.8700000000001,-,120.66611867632884,1313.8700000000001
fair,scenario1,dj,10,-,-,-,-,-,472.5403314970734,-,450.5106629941468,494.57
fair,scenario2,dj,10,-,-,-,-,-,-450.5106629941468,-,450.5106629941468,494.57
fair,scenario3,dj,10,-,-,-,-,-,494.57,-,450.5106629941468,494.57
all_sherbrooke,scenario1,twolocalrandom,8,-,-,-,-,-,494.0224909443676,-,83.77498188873506,904.2700000000001
all_sherbrooke,scenario2,twolocalrandom,8,-,-,-,-,-,-83.77498188873506,-,83.77498188873506,904.2700000000001
all_sherbrooke,scenario3,twolocalrandom,8,-,-,-,-,-,904.2700000000001,-,83.77498188873506,904.2700000000001
all_sherbrooke,scenario1,qft,8,-,-,-,-,-,494.0224909443676,-,83.77498188873506,904.2700000000001
all_sherbrooke,scenario2,qft,8,-,-,-,-,-,-83.77498188873506,-,83.77498188873506,904.2700000000001
all_sherbrooke,scenario3,qft,8,-,-,-,-,-,904.2700000000001,-,83.77498188873506,904.2700000000001
fair,scenario1,qpeexact,8,-,-,-,-,-,872.3187305031586,-,840.5674610063171,904.07
fair,scenario2,qpeexact,8,-,-,-,-,-,-840.5674610063171,-,840.5674610063171,904.07
fair,scenario3,qpeexact,8,-,-,-,-,-,904.07,-,840.5674610063171,904.07
all_kyiv,scenario1,dj,8,-,-,-,-,-,810.279857680378,-,301.669715360756,1318.8899999999999
all_kyiv,scenario2,dj,8,-,-,-,-,-,-301.669715360756,-,301.669715360756,1318.8899999999999
all_kyiv,scenario3,dj,8,-,-,-,-,-,1318.8899999999999,-,301.669715360756,1318.8899999999999
all_kyiv,scenario1,qft,8,-,-,-,-,-,356.9350188137996,-,132.26003762759927,581.6099999999999
all_kyiv,scenario2,qft,8,-,-,-,-,-,-132.26003762759927,-,132.26003762759927,581.6099999999999
all_kyiv,scenario3,qft,8,-,-,-,-,-,581.6099999999999,-,132.26003762759927,581.6099999999999
all_sherbrooke,scenario1,qft,6,-,-,-,-,-,494.0224909443676,-,83.77498188873506,904.2700000000001
all_sherbrooke,scenario2,qft,6,-,-,-,-,-,-83.77498188873506,-,83.77498188873506,904.2700000000001
all_sherbrooke,scenario3,qft,6,-,-,-,-,-,904.2700000000001,-,83.77498188873506,904.2700000000001
fair,scenario1,qnn,8,-,-,-,-,-,307.64752698322064,-,284.52505396644125,330.77000000000004
fair,scenario2,qnn,8,-,-,-,-,-,-284.52505396644125,-,284.52505396644125,330.77000000000004
fair,scenario3,qnn,8,-,-,-,-,-,330.77000000000004,-,284.52505396644125,330.77000000000004
all_marrakesh,scenario1,wstate,8,-,-,-,-,-,3415.630053359127,-,1175.660106718254,5655.6
all_marrakesh,scenario2,wstate,8,-,-,-,-,-,-1175.660106718254,-,1175.660106718254,5655.6
all_marrakesh,scenario3,wstate,8,-,-,-,-,-,5655.6,-,1175.660106718254,5655.6
all_torino,scenario1,vqe,6,-,-,-,-,-,343.3757030268577,-,202.05140605371534,484.70000000000005
all_torino,scenario2,vqe,6,-,-,-,-,-,-202.05140605371534,-,202.05140605371534,484.70000000000005
all_torino,scenario3,vqe,6,-,-,-,-,-,484.70000000000005,-,202.05140605371534,484.70000000000005
fair,scenario1,qft,10,-,-,-,-,-,223.22375348793224,-,197.5775069758645,248.87
fair,scenario2,qft,10,-,-,-,-,-,-197.5775069758645,-,197.5775069758645,248.87
fair,scenario3,qft,10,-,-,-,-,-,248.87,-,197.5775069758645,248.87
all_sherbrooke,scenario1,realamprandom,6,-,-,-,-,-,494.0224909443676,-,83.77498188873506,904.2700000000001
all_sherbrooke,scenario2,realamprandom,6,-,-,-,-,-,-83.77498188873506,-,83.77498188873506,904.2700000000001
all_sherbrooke,scenario3,realamprandom,6,-,-,-,-,-,904.2700000000001,-,83.77498188873506,904.2700000000001
all_fez,scenario1,qnn,6,-,-,-,-,-,810.465806011304,-,362.01161202260806,1258.92
all_fez,scenario2,qnn,6,-,-,-,-,-,-362.01161202260806,-,362.01161202260806,1258.92
all_fez,scenario3,qnn,6,-,-,-,-,-,1258.92,-,362.01161202260806,1258.92
all_torino,scenario1,twolocalrandom,6,-,-,-,-,-,343.3757030268577,-,202.05140605371534,484.70000000000005
all_torino,scenario2,twolocalrandom,6,-,-,-,-,-,-202.05140605371534,-,202.05140605371534,484.70000000000005
all_torino,scenario3,twolocalrandom,6,-,-,-,-,-,484.70000000000005,-,202.05140605371534,484.70000000000005
all_torino,scenario1,realamprandom,8,-,-,-,-,-,343.3757030268577,-,202.05140605371534,484.70000000000005
all_torino,scenario2,realamprandom,8,-,-,-,-,-,-202.05140605371534,-,202.05140605371534,484.70000000000005
all_torino,scenario3,realamprandom,8,-,-,-,-,-,484.70000000000005,-,202.05140605371534,484.70000000000005
fair,scenario1,qnn,10,-,-,-,-,-,307.64752698322064,-,284.52505396644125,330.77000000000004
fair,scenario2,qnn,10,-,-,-,-,-,-284.52505396644125,-,284.52505396644125,330.77000000000004
fair,scenario3,qnn,10,-,-,-,-,-,330.77000000000004,-,284.52505396644125,330.77000000000004
all_torino,scenario1,ghz,8,-,-,-,-,-,1350.2149872731716,-,782.1299745463432,1918.3
all_torino,scenario2,ghz,8,-,-,-,-,-,-782.1299745463432,-,782.1299745463432,1918.3
all_torino,scenario3,ghz,8,-,-,-,-,-,1918.3,-,782.1299745463432,1918.3
all_kyiv,scenario1,qft,6,-,-,-,-,-,356.9350188137996,-,132.26003762759927,581.6099999999999
all_kyiv,scenario2,qft,6,-,-,-,-,-,-132.26003762759927,-,132.26003762759927,581.6099999999999
all_kyiv,scenario3,qft,6,-,-,-,-,-,581.6099999999999,-,132.26003762759927,581.6099999999999
all_fez,scenario1,qaoa,6,-,-,-,-,-,1581.613935395216,-,675.5078707904318,2487.7200000000003
all_fez,scenario2,qaoa,6,-,-,-,-,-,-675.5078707904318,-,675.5078707904318,2487.7200000000003
all_fez,scenario3,qaoa,6,-,-,-,-,-,2487.7200000000003,-,675.5078707904318,2487.7200000000003
all_sherbrooke,scenario1,vqe,8,-,-,-,-,-,494.0224909443676,-,83.77498188873506,904.2700000000001
all_sherbrooke,scenario2,vqe,8,-,-,-,-,-,-83.77498188873506,-,83.77498188873506,904.2700000000001
all_sherbrooke,scenario3,vqe,8,-,-,-,-,-,904.2700000000001,-,83.77498188873506,904.2700000000001
all_fez,scenario1,twolocalrandom,8,-,-,-,-,-,550.3293750680461,-,251.3387501360923,849.32
all_fez,scenario2,twolocalrandom,8,-,-,-,-,-,-251.3387501360923,-,251.3387501360923,849.32
all_fez,scenario3,twolocalrandom,8,-,-,-,-,-,849.32,-,251.3387501360923,849.32
all_marrakesh,scenario1,twolocalrandom,6,-,-,-,-,-,455.8634975119044,-,171.32699502380885,740.4
all_marrakesh,scenario2,twolocalrandom,6,-,-,-,-,-,-171.32699502380885,-,171.32699502380885,740.4
all_marrakesh,scenario3,twolocalrandom,6,-,-,-,-,-,740.4,-,171.32699502380885,740.4
all_torino,scenario1,qft,8,-,-,-,-,-,343.3757030268577,-,202.05140605371534,484.70000000000005
all_torino,scenario2,qft,8,-,-,-,-,-,-202.05140605371534,-,202.05140605371534,484.70000000000005
all_torino,scenario3,qft,8,-,-,-,-,-,484.70000000000005,-,202.05140605371534,484.70000000000005
all_marrakesh,scenario1,qnn,8,-,-,-,-,-,657.4271643193454,-,246.7743286386907,1068.08
all_marrakesh,scenario2,qnn,8,-,-,-,-,-,-246.7743286386907,-,246.7743286386907,1068.08
all_marrakesh,scenario3,qnn,8,-,-,-,-,-,1068.08,-,246.7743286386907,1068.08
all_fez,scenario1,realamprandom,10,-,-,-,-,-,550.3293750680461,-,251.3387501360923,849.32
all_fez,scenario2,realamprandom,10,-,-,-,-,-,-251.3387501360923,-,251.3387501360923,849.32
all_fez,scenario3,realamprandom,10,-,-,-,-,-,849.32,-,251.3387501360923,849.32
all_marrakesh,scenario1,wstate,10,-,-,-,-,-,4194.11905096897,-,1421.9181019379407,6966.32
all_marrakesh,scenario2,wstate,10,-,-,-,-,-,-1421.9181019379407,-,1421.9181019379407,6966.32
all_marrakesh,scenario3,wstate,10,-,-,-,-,-,6966.32,-,1421.9181019379407,6966.32
all_fez,scenario1,qft,8,-,-,-,-,-,550.3293750680461,-,251.3387501360923,849.32
all_fez,scenario2,qft,8,-,-,-,-,-,-251.3387501360923,-,251.3387501360923,849.32
all_fez,scenario3,qft,8,-,-,-,-,-,849.32,-,251.3387501360923,849.32
all_fez,scenario1,qpeexact,10,-,-,-,-,-,2597.940368987606,-,1069.7607379752117,4126.12
all_fez,scenario2,qpeexact,10,-,-,-,-,-,-1069.7607379752117,-,1069.7607379752117,4126.12
all_fez,scenario3,qpeexact,10,-,-,-,-,-,4126.12,-,1069.7607379752117,4126.12
all_marrakesh,scenario1,qpeexact,10,-,-,-,-,-,2045.547753227377,-,729.2555064547536,3361.84
all_marrakesh,scenario2,qpeexact,10,-,-,-,-,-,-729.2555064547536,-,729.2555064547536,3361.84
all_marrakesh,scenario3,qpeexact,10,-,-,-,-,-,3361.84,-,729.2555064547536,3361.84
all_marrakesh,scenario1,ghz,10,-,-,-,-,-,2242.0454905764072,-,794.570981152814,3689.52
all_marrakesh,scenario2,ghz,10,-,-,-,-,-,-794.570981152814,-,794.570981152814,3689.52
all_marrakesh,scenario3,ghz,10,-,-,-,-,-,3689.52,-,794.570981152814,3689.52
all_sherbrooke,scenario1,qnn,6,-,-,-,-,-,717.2680593381644,-,120.66611867632884,1313.8700000000001
all_sherbrooke,scenario2,qnn,6,-,-,-,-,-,-120.66611867632884,-,120.66611867632884,1313.8700000000001
all_sherbrooke,scenario3,qnn,6,-,-,-,-,-,1313.8700000000001,-,120.66611867632884,1313.8700000000001
all_sherbrooke,scenario1,qft,10,-,-,-,-,-,494.0224909443676,-,83.77498188873506,904.2700000000001
all_sherbrooke,scenario2,qft,10,-,-,-,-,-,-83.77498188873506,-,83.77498188873506,904.2700000000001
all_sherbrooke,scenario3,qft,10,-,-,-,-,-,904.2700000000001,-,83.77498188873506,904.2700000000001
all_kyiv,scenario1,qaoa,6,-,-,-,-,-,960.0547247570753,-,355.45944951415066,1564.6499999999999
all_kyiv,scenario2,qaoa,6,-,-,-,-,-,-355.45944951415066,-,355.45944951415066,1564.6499999999999
all_kyiv,scenario3,qaoa,6,-,-,-,-,-,1564.6499999999999,-,355.45944951415066,1564.6499999999999
all_marrakesh,scenario1,ghz,8,-,-,-,-,-,1848.7212245342544,-,663.2824490685088,3034.16
all_marrakesh,scenario2,ghz,8,-,-,-,-,-,-663.2824490685088,-,663.2824490685088,3034.16
all_marrakesh,scenario3,ghz,8,-,-,-,-,-,3034.16,-,663.2824490685088,3034.16
all_kyiv,scenario1,qpeexact,8,-,-,-,-,-,1555.3035207488067,-,562.9170414976132,2547.69
all_kyiv,scenario2,qpeexact,8,-,-,-,-,-,-562.9170414976132,-,562.9170414976132,2547.69
all_kyiv,scenario3,qpeexact,8,-,-,-,-,-,2547.69,-,562.9170414976132,2547.69
all_marrakesh,scenario1,vqe,8,-,-,-,-,-,455.8634975119044,-,171.32699502380885,740.4
all_marrakesh,scenario2,vqe,8,-,-,-,-,-,-171.32699502380885,-,171.32699502380885,740.4
all_marrakesh,scenario3,vqe,8,-,-,-,-,-,740.4,-,171.32699502380885,740.4
fair,scenario1,realamprandom,6,-,-,-,-,-,223.22375348793224,-,197.5775069758645,248.87
fair,scenario2,realamprandom,6,-,-,-,-,-,-197.5775069758645,-,197.5775069758645,248.87
fair,scenario3,realamprandom,6,-,-,-,-,-,248.87,-,197.5775069758645,248.87
all_kyiv,scenario1,twolocalrandom,8,-,-,-,-,-,356.9350188137996,-,132.26003762759927,581.6099999999999
all_kyiv,scenario2,twolocalrandom,8,-,-,-,-,-,-132.26003762759927,-,132.26003762759927,581.6099999999999
all_kyiv,scenario3,twolocalrandom,8,-,-,-,-,-,581.6099999999999,-,132.26003762759927,581.6099999999999
all_marrakesh,scenario1,dj,6,-,-,-,-,-,1057.1213214986021,-,390.8026429972043,1723.44
all_marrakesh,scenario2,dj,6,-,-,-,-,-,-390.8026429972043,-,390.8026429972043,1723.44
all_marrakesh,scenario3,dj,6,-,-,-,-,-,1723.44,-,390.8026429972043,1723.44
all_kyiv,scenario1,wstate,6,-,-,-,-,-,1998.903398794491,-,712.8367975889818,3284.9700000000003
all_kyiv,scenario2,wstate,6,-,-,-,-,-,-712.8367975889818,-,712.8367975889818,3284.9700000000003
all_kyiv,scenario3,wstate,6,-,-,-,-,-,3284.9700000000003,-,712.8367975889818,3284.9700000000003
all_kyiv,scenario1,ghz,10,-,-,-,-,-,1703.3916268617543,-,613.3332537235088,2793.45
all_kyiv,scenario2,ghz,10,-,-,-,-,-,-613.3332537235088,-,613.3332537235088,2793.45
all_kyiv,scenario3,ghz,10,-,-,-,-,-,2793.45,-,613.3332537235088,2793.45
all_sherbrooke,scenario1,twolocalrandom,10,-,-,-,-,-,494.0224909443676,-,83.77498188873506,904.2700000000001
all_sherbrooke,scenario2,twolocalrandom,10,-,-,-,-,-,-83.77498188873506,-,83.77498188873506,904.2700000000001
all_sherbrooke,scenario3,twolocalrandom,10,-,-,-,-,-,904.2700000000001,-,83.77498188873506,904.2700000000001
all_kyiv,scenario1,qnn,10,-,-,-,-,-,508.93323276830154,-,190.49646553660313,827.37
all_kyiv,scenario2,qnn,10,-,-,-,-,-,-190.49646553660313,-,190.49646553660313,827.37
all_kyiv,scenario3,qnn,10,-,-,-,-,-,827.37,-,190.49646553660313,827.37
all_fez,scenario1,wstate,8,-,-,-,-,-,4358.955208812197,-,1724.5904176243937,6993.320000000001
all_fez,scenario2,wstate,8,-,-,-,-,-,-1724.5904176243937,-,1724.5904176243937,6993.320000000001
all_fez,scenario3,wstate,8,-,-,-,-,-,6993.320000000001,-,1724.5904176243937,6993.320000000001
fair,scenario1,ghz,6,-,-,-,-,-,634.0842205615165,-,609.7984411230328,658.3700000000001
fair,scenario2,ghz,6,-,-,-,-,-,-609.7984411230328,-,609.7984411230328,658.3700000000001
fair,scenario3,ghz,6,-,-,-,-,-,658.3700000000001,-,609.7984411230328,658.3700000000001
all_torino,scenario1,wstate,6,-,-,-,-,-,1913.2190136182003,-,1088.9380272364006,2737.5
all_torino,scenario2,wstate,6,-,-,-,-,-,-1088.9380272364006,-,1088.9380272364006,2737.5
all_torino,scenario3,wstate,6,-,-,-,-,-,2737.5,-,1088.9380272364006,2737.5
all_fez,scenario1,qpeexact,8,-,-,-,-,-,2597.940368987606,-,1069.7607379752117,4126.12
all_fez,scenario2,qpeexact,8,-,-,-,-,-,-1069.7607379752117,-,1069.7607379752117,4126.12
all_fez,scenario3,qpeexact,8,-,-,-,-,-,4126.12,-,1069.7607379752117,4126.12
all_kyiv,scenario1,qpeexact,6,-,-,-,-,-,1109.382918045184,-,408.35583609036826,1810.4099999999999
all_kyiv,scenario2,qpeexact,6,-,-,-,-,-,-408.35583609036826,-,408.35583609036826,1810.4099999999999
all_kyiv,scenario3,qpeexact,6,-,-,-,-,-,1810.4099999999999,-,408.35583609036826,1810.4099999999999
fair,scenario1,twolocalrandom,10,-,-,-,-,-,223.22375348793224,-,197.5775069758645,248.87
fair,scenario2,twolocalrandom,10,-,-,-,-,-,-197.5775069758645,-,197.5775069758645,248.87
fair,scenario3,twolocalrandom,10,-,-,-,-,-,248.87,-,197.5775069758645,248.87
all_kyiv,scenario1,ghz,8,-,-,-,-,-,1406.96163088687,-,511.99326177373945,2301.9300000000003
all_kyiv,scenario2,ghz,8,-,-,-,-,-,-511.99326177373945,-,511.99326177373945,2301.9300000000003
all_kyiv,scenario3,ghz,8,-,-,-,-,-,2301.9300000000003,-,511.99326177373945,2301.9300000000003
all_torino,scenario1,qnn,10,-,-,-,-,-,490.2564389941539,-,291.01287798830765,689.5000000000001
all_torino,scenario2,qnn,10,-,-,-,-,-,-291.01287798830765,-,291.01287798830765,689.5000000000001
all_torino,scenario3,qnn,10,-,-,-,-,-,689.5000000000001,-,291.01287798830765,689.5000000000001
all_torino,scenario1,twolocalrandom,10,-,-,-,-,-,343.3757030268577,-,202.05140605371534,484.70000000000005
all_torino,scenario2,twolocalrandom,10,-,-,-,-,-,-202.05140605371534,-,202.05140605371534,484.70000000000005
all_torino,scenario3,twolocalrandom,10,-,-,-,-,-,484.70000000000005,-,202.05140605371534,484.70000000000005
all_marrakesh,scenario1,dj,10,-,-,-,-,-,1057.1213214986021,-,390.8026429972043,1723.44
all_marrakesh,scenario2,dj,10,-,-,-,-,-,-390.8026429972043,-,390.8026429972043,1723.44
all_marrakesh,scenario3,dj,10,-,-,-,-,-,1723.44,-,390.8026429972043,1723.44
all_torino,scenario1,qpeexact,8,-,-,-,-,-,1491.5104963721126,-,859.9209927442253,2123.1
all_torino,scenario2,qpeexact,8,-,-,-,-,-,-859.9209927442253,-,859.9209927442253,2123.1
all_torino,scenario3,qpeexact,8,-,-,-,-,-,2123.1,-,859.9209927442253,2123.1
all_sherbrooke,scenario1,realamprandom,10,-,-,-,-,-,494.0224909443676,-,83.77498188873506,904.2700000000001
all_sherbrooke,scenario2,realamprandom,10,-,-,-,-,-,-83.77498188873506,-,83.77498188873506,904.2700000000001
all_sherbrooke,scenario3,realamprandom,10,-,-,-,-,-,904.2700000000001,-,83.77498188873506,904.2700000000001
fair,scenario1,qaoa,6,-,-,-,-,-,553.645664441301,-,530.8213288826022,576.47
fair,scenario2,qaoa,6,-,-,-,-,-,-530.8213288826022,-,530.8213288826022,576.47
fair,scenario3,qaoa,6,-,-,-,-,-,576.47,-,530.8213288826022,576.47
fair,scenario1,wstate,6,-,-,-,-,-,1107.0886690134012,-,1064.4073380268023,1149.77
fair,scenario2,wstate,6,-,-,-,-,-,-1064.4073380268023,-,1064.4073380268023,1149.77
fair,scenario3,wstate,6,-,-,-,-,-,1149.77,-,1064.4073380268023,1149.77
fair,scenario1,qaoa,10,-,-,-,-,-,553.645664441301,-,530.8213288826022,576.47
fair,scenario2,qaoa,10,-,-,-,-,-,-530.8213288826022,-,530.8213288826022,576.47
fair,scenario3,qaoa,10,-,-,-,-,-,576.47,-,530.8213288826022,576.47
fair,scenario1,qpeexact,6,-,-,-,-,-,634.0842205615165,-,609.7984411230328,658.3700000000001
fair,scenario2,qpeexact,6,-,-,-,-,-,-609.7984411230328,-,609.7984411230328,658.3700000000001
fair,scenario3,qpeexact,6,-,-,-,-,-,658.3700000000001,-,609.7984411230328,658.3700000000001
all_torino,scenario1,qft,10,-,-,-,-,-,343.3757030268577,-,202.05140605371534,484.70000000000005
all_torino,scenario2,qft,10,-,-,-,-,-,-202.05140605371534,-,202.05140605371534,484.70000000000005
all_torino,scenario3,qft,10,-,-,-,-,-,484.70000000000005,-,202.05140605371534,484.70000000000005
all_sherbrooke,scenario1,realamprandom,8,-,-,-,-,-,494.0224909443676,-,83.77498188873506,904.2700000000001
all_sherbrooke,scenario2,realamprandom,8,-,-,-,-,-,-83.77498188873506,-,83.77498188873506,904.2700000000001
all_sherbrooke,scenario3,realamprandom,8,-,-,-,-,-,904.2700000000001,-,83.77498188873506,904.2700000000001
all_sherbrooke,scenario1,ghz,10,-,-,-,-,-,2489.595025913098,-,388.52005182619615,4590.67
all_sherbrooke,scenario2,ghz,10,-,-,-,-,-,-388.52005182619615,-,388.52005182619615,4590.67
all_sherbrooke,scenario3,ghz,10,-,-,-,-,-,4590.67,-,388.52005182619615,4590.67
all_sherbrooke,scenario1,twolocalrandom,6,-,-,-,-,-,494.0224909443676,-,83.77498188873506,904.2700000000001
all_sherbrooke,scenario2,twolocalrandom,6,-,-,-,-,-,-83.77498188873506,-,83.77498188873506,904.2700000000001
all_sherbrooke,scenario3,twolocalrandom,6,-,-,-,-,-,904.2700000000001,-,83.77498188873506,904.2700000000001
fair,scenario1,vqe,10,-,-,-,-,-,223.22375348793224,-,197.5775069758645,248.87
fair,scenario2,vqe,10,-,-,-,-,-,-197.5775069758645,-,197.5775069758645,248.87
fair,scenario3,vqe,10,-,-,-,-,-,248.87,-,197.5775069758645,248.87
all_sherbrooke,scenario1,wstate,10,-,-,-,-,-,4690.970803986012,-,695.2716079720235,8686.67
all_sherbrooke,scenario2,wstate,10,-,-,-,-,-,-695.2716079720235,-,695.2716079720235,8686.67
all_sherbrooke,scenario3,wstate,10,-,-,-,-,-,8686.67,-,695.2716079720235,8686.67
all_marrakesh,scenario1,qnn,6,-,-,-,-,-,657.4271643193454,-,246.7743286386907,1068.08
all_marrakesh,scenario2,qnn,6,-,-,-,-,-,-246.7743286386907,-,246.7743286386907,1068.08
all_marrakesh,scenario3,qnn,6,-,-,-,-,-,1068.08,-,246.7743286386907,1068.08
all_torino,scenario1,realamprandom,6,-,-,-,-,-,343.3757030268577,-,202.05140605371534,484.70000000000005
all_torino,scenario2,realamprandom,6,-,-,-,-,-,-202.05140605371534,-,202.05140605371534,484.70000000000005
all_torino,scenario3,realamprandom,6,-,-,-,-,-,484.70000000000005,-,202.05140605371534,484.70000000000005
all_fez,scenario1,vqe,10,-,-,-,-,-,550.3293750680461,-,251.3387501360923,849.32
all_fez,scenario2,vqe,10,-,-,-,-,-,-251.3387501360923,-,251.3387501360923,849.32
all_fez,scenario3,vqe,10,-,-,-,-,-,849.32,-,251.3387501360923,849.32
all_torino,scenario1,dj,10,-,-,-,-,-,779.9702499011266,-,460.84049980225325,1099.1
all_torino,scenario2,dj,10,-,-,-,-,-,-460.84049980225325,-,460.84049980225325,1099.1
all_torino,scenario3,dj,10,-,-,-,-,-,1099.1,-,460.84049980225325,1099.1
all_fez,scenario1,qaoa,10,-,-,-,-,-,1581.613935395216,-,675.5078707904318,2487.7200000000003
all_fez,scenario2,qaoa,10,-,-,-,-,-,-675.5078707904318,-,675.5078707904318,2487.7200000000003
all_fez,scenario3,qaoa,10,-,-,-,-,-,2487.7200000000003,-,675.5078707904318,2487.7200000000003
all_torino,scenario1,qaoa,10,-,-,-,-,-,923.4547322237238,-,543.0094644474474,1303.9
all_torino,scenario2,qaoa,10,-,-,-,-,-,-543.0094644474474,-,543.0094644474474,1303.9
all_torino,scenario3,qaoa,10,-,-,-,-,-,1303.9,-,543.0094644474474,1303.9
all_marrakesh,scenario1,realamprandom,8,-,-,-,-,-,455.8634975119044,-,171.32699502380885,740.4
all_marrakesh,scenario2,realamprandom,8,-,-,-,-,-,-171.32699502380885,-,171.32699502380885,740.4
all_marrakesh,scenario3,realamprandom,8,-,-,-,-,-,740.4,-,171.32699502380885,740.4
all_sherbrooke,scenario1,dj,8,-,-,-,-,-,1162.0805173822698,-,191.09103476453944,2133.07
all_sherbrooke,scenario2,dj,8,-,-,-,-,-,-191.09103476453944,-,191.09103476453944,2133.07
all_sherbrooke,scenario3,dj,8,-,-,-,-,-,2133.07,-,191.09103476453944,2133.07
all_marrakesh,scenario1,qnn,10,-,-,-,-,-,657.4271643193454,-,246.7743286386907,1068.08
all_marrakesh,scenario2,qnn,10,-,-,-,-,-,-246.7743286386907,-,246.7743286386907,1068.08
all_marrakesh,scenario3,qnn,10,-,-,-,-,-,1068.08,-,246.7743286386907,1068.08
all_fez,scenario1,qft,6,-,-,-,-,-,550.3293750680461,-,251.3387501360923,849.32
all_fez,scenario2,qft,6,-,-,-,-,-,-251.3387501360923,-,251.3387501360923,849.32
all_fez,scenario3,qft,6,-,-,-,-,-,849.32,-,251.3387501360923,849.32
all_torino,scenario1,realamprandom,10,-,-,-,-,-,343.3757030268577,-,202.05140605371534,484.70000000000005
all_torino,scenario2,realamprandom,10,-,-,-,-,-,-202.05140605371534,-,202.05140605371534,484.70000000000005
all_torino,scenario3,realamprandom,10,-,-,-,-,-,484.70000000000005,-,202.05140605371534,484.70000000000005
all_sherbrooke,scenario1,dj,6,-,-,-,-,-,1162.0805173822698,-,191.09103476453944,2133.07
all_sherbrooke,scenario2,dj,6,-,-,-,-,-,-191.09103476453944,-,191.09103476453944,2133.07
all_sherbrooke,scenario3,dj,6,-,-,-,-,-,2133.07,-,191.09103476453944,2133.07
all_torino,scenario1,qnn,6,-,-,-,-,-,490.2564389941539,-,291.01287798830765,689.5000000000001
all_torino,scenario2,qnn,6,-,-,-,-,-,-291.01287798830765,-,291.01287798830765,689.5000000000001
all_torino,scenario3,qnn,6,-,-,-,-,-,689.5000000000001,-,291.01287798830765,689.5000000000001
fair,scenario1,realamprandom,8,-,-,-,-,-,223.22375348793224,-,197.5775069758645,248.87
fair,scenario2,realamprandom,8,-,-,-,-,-,-197.5775069758645,-,197.5775069758645,248.87
fair,scenario3,realamprandom,8,-,-,-,-,-,248.87,-,197.5775069758645,248.87
all_marrakesh,scenario1,qaoa,10,-,-,-,-,-,1255.8043742738964,-,460.48874854779274,2051.12
all_marrakesh,scenario2,qaoa,10,-,-,-,-,-,-460.48874854779274,-,460.48874854779274,2051.12
all_marrakesh,scenario3,qaoa,10,-,-,-,-,-,2051.12,-,460.48874854779274,2051.12
fair,scenario1,qft,8,-,-,-,-,-,223.22375348793224,-,197.5775069758645,248.87
fair,scenario2,qft,8,-,-,-,-,-,-197.5775069758645,-,197.5775069758645,248.87
fair,scenario3,qft,8,-,-,-,-,-,248.87,-,197.5775069758645,248.87
all_fez,scenario1,ghz,8,-,-,-,-,-,2344.7525451264687,-,972.9850902529374,3716.52
all_fez,scenario2,ghz,8,-,-,-,-,-,-972.9850902529374,-,972.9850902529374,3716.52
all_fez,scenario3,ghz,8,-,-,-,-,-,3716.52,-,972.9850902529374,3716.52
all_sherbrooke,scenario1,qnn,8,-,-,-,-,-,717.2680593381644,-,120.66611867632884,1313.8700000000001
all_sherbrooke,scenario2,qnn,8,-,-,-,-,-,-120.66611867632884,-,120.66611867632884,1313.8700000000001
all_sherbrooke,scenario3,qnn,8,-,-,-,-,-,1313.8700000000001,-,120.66611867632884,1313.8700000000001
fair,scenario1,dj,6,-,-,-,-,-,472.5403314970734,-,450.5106629941468,494.57
fair,scenario2,dj,6,-,-,-,-,-,-450.5106629941468,-,450.5106629941468,494.57
fair,scenario3,dj,6,-,-,-,-,-,494.57,-,450.5106629941468,494.57
all_fez,scenario1,twolocalrandom,6,-,-,-,-,-,550.3293750680461,-,251.3387501360923,849.32
all_fez,scenario2,twolocalrandom,6,-,-,-,-,-,-251.3387501360923,-,251.3387501360923,849.32
all_fez,scenario3,twolocalrandom,6,-,-,-,-,-,849.32,-,251.3387501360923,849.32
all_fez,scenario1,qft,10,-,-,-,-,-,550.3293750680461,-,251.3387501360923,849.32
all_fez,scenario2,qft,10,-,-,-,-,-,-251.3387501360923,-,251.3387501360923,849.32
all_fez,scenario3,qft,10,-,-,-,-,-,849.32,-,251.3387501360923,849.32
all_fez,scenario1,vqe,8,-,-,-,-,-,550.3293750680461,-,251.3387501360923,849.32
all_fez,scenario2,vqe,8,-,-,-,-,-,-251.3387501360923,-,251.3387501360923,849.32
all_fez,scenario3,vqe,8,-,-,-,-,-,849.32,-,251.3387501360923,849.32
all_marrakesh,scenario1,ghz,6,-,-,-,-,-,1453.9087250782156,-,529.017450156431,2378.8
all_marrakesh,scenario2,ghz,6,-,-,-,-,-,-529.017450156431,-,529.017450156431,2378.8
all_marrakesh,scenario3,ghz,6,-,-,-,-,-,2378.8,-,529.017450156431,2378.8
all_marrakesh,scenario1,realamprandom,6,-,-,-,-,-,455.8634975119044,-,171.32699502380885,740.4
all_marrakesh,scenario2,realamprandom,6,-,-,-,-,-,-171.32699502380885,-,171.32699502380885,740.4
all_marrakesh,scenario3,realamprandom,6,-,-,-,-,-,740.4,-,171.32699502380885,740.4
all_marrakesh,scenario1,twolocalrandom,10,-,-,-,-,-,455.8634975119044,-,171.32699502380885,740.4
all_marrakesh,scenario2,twolocalrandom,10,-,-,-,-,-,-171.32699502380885,-,171.32699502380885,740.4
all_marrakesh,scenario3,twolocalrandom,10,-,-,-,-,-,740.4,-,171.32699502380885,740.4
fair,scenario1,realamprandom,10,-,-,-,-,-,223.22375348793224,-,197.5775069758645,248.87
fair,scenario2,realamprandom,10,-,-,-,-,-,-197.5775069758645,-,197.5775069758645,248.87
fair,scenario3,realamprandom,10,-,-,-,-,-,248.87,-,197.5775069758645,248.87
all_fez,scenario1,dj,6,-,-,-,-,-,1325.7028500902884,-,573.285700180577,2078.12
all_fez,scenario2,dj,6,-,-,-,-,-,-573.285700180577,-,573.285700180577,2078.12
all_fez,scenario3,dj,6,-,-,-,-,-,2078.12,-,573.285700180577,2078.12
fair,scenario1,dj,8,-,-,-,-,-,472.5403314970734,-,450.5106629941468,494.57
fair,scenario2,dj,8,-,-,-,-,-,-450.5106629941468,-,450.5106629941468,494.57
fair,scenario3,dj,8,-,-,-,-,-,494.57,-,450.5106629941468,494.57
all_torino,scenario1,ghz,6,-,-,-,-,-,1066.2568915052211,-,623.813783010442,1508.7
all_torino,scenario2,ghz,6,-,-,-,-,-,-623.813783010442,-,623.813783010442,1508.7
all_torino,scenario3,ghz,6,-,-,-,-,-,1508.7,-,623.813783010442,1508.7
fair,scenario1,wstate,10,-,-,-,-,-,1721.9091799494972,-,1638.8483598989944,1804.97
fair,scenario2,wstate,10,-,-,-,-,-,-1638.8483598989944,-,1638.8483598989944,1804.97
fair,scenario3,wstate,10,-,-,-,-,-,1804.97,-,1638.8483598989944,1804.97
all_sherbrooke,scenario1,dj,10,-,-,-,-,-,1162.0805173822698,-,191.09103476453944,2133.07
all_sherbrooke,scenario2,dj,10,-,-,-,-,-,-191.09103476453944,-,191.09103476453944,2133.07
all_sherbrooke,scenario3,dj,10,-,-,-,-,-,2133.07,-,191.09103476453944,2133.07
fair,scenario1,ghz,10,-,-,-,-,-,950.9060267676673,-,915.8420535353346,985.9700000000001
fair,scenario2,ghz,10,-,-,-,-,-,-915.8420535353346,-,915.8420535353346,985.9700000000001
fair,scenario3,ghz,10,-,-,-,-,-,985.9700000000001,-,915.8420535353346,985.9700000000001
all_fez,scenario1,vqe,6,-,-,-,-,-,550.3293750680461,-,251.3387501360923,849.32
all_fez,scenario2,vqe,6,-,-,-,-,-,-251.3387501360923,-,251.3387501360923,849.32
all_fez,scenario3,vqe,6,-,-,-,-,-,849.32,-,251.3387501360923,849.32
all_torino,scenario1,wstate,10,-,-,-,-,-,3026.281768847524,-,1676.6635376950474,4375.900000000001
all_torino,scenario2,wstate,10,-,-,-,-,-,-1676.6635376950474,-,1676.6635376950474,4375.900000000001
all_torino,scenario3,wstate,10,-,-,-,-,-,4375.900000000001,-,1676.6635376950474,4375.900000000001
all_torino,scenario1,qpeexact,6,-,-,-,-,-,1066.2568915052211,-,623.813783010442,1508.7
all_torino,scenario2,qpeexact,6,-,-,-,-,-,-623.813783010442,-,623.813783010442,1508.7
all_torino,scenario3,qpeexact,6,-,-,-,-,-,1508.7,-,623.813783010442,1508.7
all_torino,scenario1,dj,6,-,-,-,-,-,779.9702499011266,-,460.84049980225325,1099.1
all_torino,scenario2,dj,6,-,-,-,-,-,-460.84049980225325,-,460.84049980225325,1099.1
all_torino,scenario3,dj,6,-,-,-,-,-,1099.1,-,460.84049980225325,1099.1
all_torino,scenario1,twolocalrandom,8,-,-,-,-,-,343.3757030268577,-,202.05140605371534,484.70000000000005
all_torino,scenario2,twolocalrandom,8,-,-,-,-,-,-202.05140605371534,-,202.05140605371534,484.70000000000005
all_torino,scenario3,twolocalrandom,8,-,-,-,-,-,484.70000000000005,-,202.05140605371534,484.70000000000005
all_sherbrooke,scenario1,qpeexact,10,-,-,-,-,-,2268.8264975949774,-,356.5829951899549,4181.07
all_sherbrooke,scenario2,qpeexact,10,-,-,-,-,-,-356.5829951899549,-,356.5829951899549,4181.07
all_sherbrooke,scenario3,qpeexact,10,-,-,-,-,-,4181.07,-,356.5829951899549,4181.07
all_torino,scenario1,qnn,8,-,-,-,-,-,490.2564389941539,-,291.01287798830765,689.5000000000001
all_torino,scenario2,qnn,8,-,-,-,-,-,-291.01287798830765,-,291.01287798830765,689.5000000000001
all_torino,scenario3,qnn,8,-,-,-,-,-,689.5000000000001,-,291.01287798830765,689.5000000000001
all_kyiv,scenario1,qnn,6,-,-,-,-,-,508.93323276830154,-,190.49646553660313,827.37
all_kyiv,scenario2,qnn,6,-,-,-,-,-,-190.49646553660313,-,190.49646553660313,827.37
all_kyiv,scenario3,qnn,6,-,-,-,-,-,827.37,-,190.49646553660313,827.37
all_fez,scenario1,realamprandom,8,-,-,-,-,-,550.3293750680461,-,251.3387501360923,849.32
all_fez,scenario2,realamprandom,8,-,-,-,-,-,-251.3387501360923,-,251.3387501360923,849.32
all_fez,scenario3,realamprandom,8,-,-,-,-,-,849.32,-,251.3387501360923,849.32
all_kyiv,scenario1,ghz,6,-,-,-,-,-,1109.382918045184,-,408.35583609036826,1810.4099999999999
all_kyiv,scenario2,ghz,6,-,-,-,-,-,-408.35583609036826,-,408.35583609036826,1810.4099999999999
all_kyiv,scenario3,ghz,6,-,-,-,-,-,1810.4099999999999,-,408.35583609036826,1810.4099999999999
all_kyiv,scenario1,vqe,10,-,-,-,-,-,356.9350188137996,-,132.26003762759927,581.6099999999999
all_kyiv,scenario2,vqe,10,-,-,-,-,-,-132.26003762759927,-,132.26003762759927,581.6099999999999
all_kyiv,scenario3,vqe,10,-,-,-,-,-,581.6099999999999,-,132.26003762759927,581.6099999999999
all_kyiv,scenario1,wstate,8,-,-,-,-,-,2587.750714507609,-,907.491429015217,4268.01
all_kyiv,scenario2,wstate,8,-,-,-,-,-,-907.491429015217,-,907.491429015217,4268.01
all_kyiv,scenario3,wstate,8,-,-,-,-,-,4268.01,-,907.491429015217,4268.01
all_torino,scenario1,qft,6,-,-,-,-,-,343.3757030268577,-,202.05140605371534,484.70000000000005
all_torino,scenario2,qft,6,-,-,-,-,-,-202.05140605371534,-,202.05140605371534,484.70000000000005
all_torino,scenario3,qft,6,-,-,-,-,-,484.70000000000005,-,202.05140605371534,484.70000000000005
all_marrakesh,scenario1,realamprandom,10,-,-,-,-,-,455.8634975119044,-,171.32699502380885,740.4
all_marrakesh,scenario2,realamprandom,10,-,-,-,-,-,-171.32699502380885,-,171.32699502380885,740.4
all_marrakesh,scenario3,realamprandom,10,-,-,-,-,-,740.4,-,171.32699502380885,740.4
all_kyiv,scenario1,realamprandom,10,-,-,-,-,-,356.9350188137996,-,132.26003762759927,581.6099999999999
all_kyiv,scenario2,realamprandom,10,-,-,-,-,-,-132.26003762759927,-,132.26003762759927,581.6099999999999
all_kyiv,scenario3,realamprandom,10,-,-,-,-,-,581.6099999999999,-,132.26003762759927,581.6099999999999
all_torino,scenario1,qaoa,6,-,-,-,-,-,923.4547322237238,-,543.0094644474474,1303.9
all_torino,scenario2,qaoa,6,-,-,-,-,-,-543.0094644474474,-,543.0094644474474,1303.9
all_torino,scenario3,qaoa,6,-,-,-,-,-,1303.9,-,543.0094644474474,1303.9
all_kyiv,scenario1,wstate,10,-,-,-,-,-,3174.312573113778,-,1097.5751462275553,5251.05
all_kyiv,scenario2,wstate,10,-,-,-,-,-,-1097.5751462275553,-,1097.5751462275553,5251.05
all_kyiv,scenario3,wstate,10,-,-,-,-,-,5251.05,-,1097.5751462275553,5251.05
all_kyiv,scenario1,qpeexact,10,-,-,-,-,-,1555.3035207488067,-,562.9170414976132,2547.69
all_kyiv,scenario2,qpeexact,10,-,-,-,-,-,-562.9170414976132,-,562.9170414976132,2547.69
all_kyiv,scenario3,qpeexact,10,-,-,-,-,-,2547.69,-,562.9170414976132,2547.69
all_marrakesh,scenario1,qpeexact,8,-,-,-,-,-,2045.547753227377,-,729.2555064547536,3361.84
all_marrakesh,scenario2,qpeexact,8,-,-,-,-,-,-729.2555064547536,-,729.2555064547536,3361.84
all_marrakesh,scenario3,qpeexact,8,-,-,-,-,-,3361.84,-,729.2555064547536,3361.84
fair,scenario1,qft,6,-,-,-,-,-,223.22375348793224,-,197.5775069758645,248.87
fair,scenario2,qft,6,-,-,-,-,-,-197.5775069758645,-,197.5775069758645,248.87
fair,scenario3,qft,6,-,-,-,-,-,248.87,-,197.5775069758645,248.87
fair,scenario1,ghz,8,-,-,-,-,-,793.352563236445,-,764.5351264728899,822.1700000000001
fair,scenario2,ghz,8,-,-,-,-,-,-764.5351264728899,-,764.5351264728899,822.1700000000001
fair,scenario3,ghz,8,-,-,-,-,-,822.1700000000001,-,764.5351264728899,822.1700000000001
all_sherbrooke,scenario1,wstate,8,-,-,-,-,-,3811.564878761272,-,574.8597575225438,7048.27
all_sherbrooke,scenario2,wstate,8,-,-,-,-,-,-574.8597575225438,-,574.8597575225438,7048.27
all_sherbrooke,scenario3,wstate,8,-,-,-,-,-,7048.27,-,574.8597575225438,7048.27
all_sherbrooke,scenario1,qpeexact,6,-,-,-,-,-,1605.4716868532278,-,258.67337370645504,2952.2700000000004
all_sherbrooke,scenario2,qpeexact,6,-,-,-,-,-,-258.67337370645504,-,258.67337370645504,2952.2700000000004
all_sherbrooke,scenario3,qpeexact,6,-,-,-,-,-,2952.2700000000004,-,258.67337370645504,2952.2700000000004
all_fez,scenario1,ghz,10,-,-,-,-,-,2850.645898203054,-,1165.5717964061075,4535.72
all_fez,scenario2,ghz,10,-,-,-,-,-,-1165.5717964061075,-,1165.5717964061075,4535.72
all_fez,scenario3,ghz,10,-,-,-,-,-,4535.72,-,1165.5717964061075,4535.72
all_marrakesh,scenario1,twolocalrandom,8,-,-,-,-,-,455.8634975119044,-,171.32699502380885,740.4
all_marrakesh,scenario2,twolocalrandom,8,-,-,-,-,-,-171.32699502380885,-,171.32699502380885,740.4
all_marrakesh,scenario3,twolocalrandom,8,-,-,-,-,-,740.4,-,171.32699502380885,740.4
all_marrakesh,scenario1,wstate,6,-,-,-,-,-,2634.1801475920984,-,923.4802951841967,4344.88
all_marrakesh,scenario2,wstate,6,-,-,-,-,-,-923.4802951841967,-,923.4802951841967,4344.88
all_marrakesh,scenario3,wstate,6,-,-,-,-,-,4344.88,-,923.4802951841967,4344.88
all_kyiv,scenario1,realamprandom,6,-,-,-,-,-,356.9350188137996,-,132.26003762759927,581.6099999999999
all_kyiv,scenario2,realamprandom,6,-,-,-,-,-,-132.26003762759927,-,132.26003762759927,581.6099999999999
all_kyiv,scenario3,realamprandom,6,-,-,-,-,-,581.6099999999999,-,132.26003762759927,581.6099999999999
all_marrakesh,scenario1,qft,6,-,-,-,-,-,455.8634975119044,-,171.32699502380885,740.4
all_marrakesh,scenario2,qft,6,-,-,-,-,-,-171.32699502380885,-,171.32699502380885,740.4
all_marrakesh,scenario3,qft,6,-,-,-,-,-,740.4,-,171.32699502380885,740.4
all_marrakesh,scenario1,qaoa,8,-,-,-,-,-,1255.8043742738964,-,460.48874854779274,2051.12
all_marrakesh,scenario2,qaoa,8,-,-,-,-,-,-460.48874854779274,-,460.48874854779274,2051.12
all_marrakesh,scenario3,qaoa,8,-,-,-,-,-,2051.12,-,460.48874854779274,2051.12
all_torino,scenario1,ghz,10,-,-,-,-,-,1632.4183308773254,-,936.9366617546505,2327.9
all_torino,scenario2,ghz,10,-,-,-,-,-,-936.9366617546505,-,936.9366617546505,2327.9
all_torino,scenario3,ghz,10,-,-,-,-,-,2327.9,-,936.9366617546505,2327.9
all_torino,scenario1,vqe,8,-,-,-,-,-,343.3757030268577,-,202.05140605371534,484.70000000000005
all_torino,scenario2,vqe,8,-,-,-,-,-,-202.05140605371534,-,202.05140605371534,484.70000000000005
all_torino,scenario3,vqe,8,-,-,-,-,-,484.70000000000005,-,202.05140605371534,484.70000000000005
all_torino,scenario1,vqe,10,-,-,-,-,-,343.3757030268577,-,202.05140605371534,484.70000000000005
all_torino,scenario2,vqe,10,-,-,-,-,-,-202.05140605371534,-,202.05140605371534,484.70000000000005
all_torino,scenario3,vqe,10,-,-,-,-,-,484.70000000000005,-,202.05140605371534,484.70000000000005
all_marrakesh,scenario1,qaoa,6,-,-,-,-,-,1255.8043742738964,-,460.48874854779274,2051.12
all_marrakesh,scenario2,qaoa,6,-,-,-,-,-,-460.48874854779274,-,460.48874854779274,2051.12
all_marrakesh,scenario3,qaoa,6,-,-,-,-,-,2051.12,-,460.48874854779274,2051.12
all_marrakesh,scenario1,vqe,6,-,-,-,-,-,455.8634975119044,-,171.32699502380885,740.4
all_marrakesh,scenario2,vqe,6,-,-,-,-,-,-171.32699502380885,-,171.32699502380885,740.4
all_marrakesh,scenario3,vqe,6,-,-,-,-,-,740.4,-,171.32699502380885,740.4
fair,scenario1,qpeexact,10,-,-,-,-,-,872.3187305031586,-,840.5674610063171,904.07
fair,scenario2,qpeexact,10,-,-,-,-,-,-840.5674610063171,-,840.5674610063171,904.07
fair,scenario3,qpeexact,10,-,-,-,-,-,904.07,-,840.5674610063171,904.07
all_marrakesh,scenario1,qpeexact,6,-,-,-,-,-,1453.9087250782156,-,529.017450156431,2378.8
all_marrakesh,scenario2,qpeexact,6,-,-,-,-,-,-529.017450156431,-,529.017450156431,2378.8
all_marrakesh,scenario3,qpeexact,6,-,-,-,-,-,2378.8,-,529.017450156431,2378.8
all_fez,scenario1,wstate,6,-,-,-,-,-,3354.7942449808143,-,1354.668489961629,5354.92
all_fez,scenario2,wstate,6,-,-,-,-,-,-1354.668489961629,-,1354.668489961629,5354.92
all_fez,scenario3,wstate,6,-,-,-,-,-,5354.92,-,1354.668489961629,5354.92
fair,scenario1,qaoa,8,-,-,-,-,-,553.645664441301,-,530.8213288826022,576.47
fair,scenario2,qaoa,8,-,-,-,-,-,-530.8213288826022,-,530.8213288826022,576.47
fair,scenario3,qaoa,8,-,-,-,-,-,576.47,-,530.8213288826022,576.47
fair,scenario1,twolocalrandom,8,-,-,-,-,-,223.22375348793224,-,197.5775069758645,248.87
fair,scenario2,twolocalrandom,8,-,-,-,-,-,-197.5775069758645,-,197.5775069758645,248.87
fair,scenario3,twolocalrandom,8,-,-,-,-,-,248.87,-,197.5775069758645,248.87
all_fez,scenario1,wstate,10,-,-,-,-,-,5358.772867970636,-,2085.82573594127,8631.720000000001
all_fez,scenario2,wstate,10,-,-,-,-,-,-2085.82573594127,-,2085.82573594127,8631.720000000001
all_fez,scenario3,wstate,10,-,-,-,-,-,8631.720000000001,-,2085.82573594127,8631.720000000001
all_kyiv,scenario1,vqe,8,-,-,-,-,-,356.9350188137996,-,132.26003762759927,581.6099999999999
all_kyiv,scenario2,vqe,8,-,-,-,-,-,-132.26003762759927,-,132.26003762759927,581.6099999999999
all_kyiv,scenario3,vqe,8,-,-,-,-,-,581.6099999999999,-,132.26003762759927,581.6099999999999
all_kyiv,scenario1,realamprandom,8,-,-,-,-,-,356.9350188137996,-,132.26003762759927,581.6099999999999
all_kyiv,scenario2,realamprandom,8,-,-,-,-,-,-132.26003762759927,-,132.26003762759927,581.6099999999999
all_kyiv,scenario3,realamprandom,8,-,-,-,-,-,581.6099999999999,-,132.26003762759927,581.6099999999999
fair,scenario1,vqe,6,-,-,-,-,-,223.22375348793224,-,197.5775069758645,248.87
fair,scenario2,vqe,6,-,-,-,-,-,-197.5775069758645,-,197.5775069758645,248.87
fair,scenario3,vqe,6,-,-,-,-,-,248.87,-,197.5775069758645,248.87
all_kyiv,scenario1,twolocalrandom,6,-,-,-,-,-,356.9350188137996,-,132.26003762759927,581.6099999999999
all_kyiv,scenario2,twolocalrandom,6,-,-,-,-,-,-132.26003762759927,-,132.26003762759927,581.6099999999999
all_kyiv,scenario3,twolocalrandom,6,-,-,-,-,-,581.6099999999999,-,132.26003762759927,581.6099999999999
all_kyiv,scenario1,vqe,6,-,-,-,-,-,356.9350188137996,-,132.26003762759927,581.6099999999999
all_kyiv,scenario2,vqe,6,-,-,-,-,-,-132.26003762759927,-,132.26003762759927,581.6099999999999
all_kyiv,scenario3,vqe,6,-,-,-,-,-,581.6099999999999,-,132.26003762759927,581.6099999999999
all_sherbrooke,scenario1,qpeexact,8,-,-,-,-,-,2268.8264975949774,-,356.5829951899549,4181.07
all_sherbrooke,scenario2,qpeexact,8,-,-,-,-,-,-356.5829951899549,-,356.5829951899549,4181.07
all_sherbrooke,scenario3,qpeexact,8,-,-,-,-,-,4181.07,-,356.5829951899549,4181.07
all_fez,scenario1,realamprandom,6,-,-,-,-,-,550.3293750680461,-,251.3387501360923,849.32
all_fez,scenario2,realamprandom,6,-,-,-,-,-,-251.3387501360923,-,251.3387501360923,849.32
all_fez,scenario3,realamprandom,6,-,-,-,-,-,849.32,-,251.3387501360923,849.32
all_fez,scenario1,ghz,6,-,-,-,-,-,1836.676150128332,-,776.0323002566638,2897.32
all_fez,scenario2,ghz,6,-,-,-,-,-,-776.0323002566638,-,776.0323002566638,2897.32
all_fez,scenario3,ghz,6,-,-,-,-,-,2897.32,-,776.0323002566638,2897.32
all_fez,scenario1,dj,10,-,-,-,-,-,1325.7028500902884,-,573.285700180577,2078.12
all_fez,scenario2,dj,10,-,-,-,-,-,-573.285700180577,-,573.285700180577,2078.12
all_fez,scenario3,dj,10,-,-,-,-,-,2078.12,-,573.285700180577,2078.12
all_kyiv,scenario1,qaoa,8,-,-,-,-,-,960.0547247570753,-,355.45944951415066,1564.6499999999999
all_kyiv,scenario2,qaoa,8,-,-,-,-,-,-355.45944951415066,-,355.45944951415066,1564.6499999999999
all_kyiv,scenario3,qaoa,8,-,-,-,-,-,1564.6499999999999,-,355.45944951415066,1564.6499999999999
all_marrakesh,scenario1,vqe,10,-,-,-,-,-,455.8634975119044,-,171.32699502380885,740.4
all_marrakesh,scenario2,vqe,10,-,-,-,-,-,-171.32699502380885,-,171.32699502380885,740.4
all_marrakesh,scenario3,vqe,10,-,-,-,-,-,740.4,-,171.32699502380885,740.4
all_marrakesh,scenario1,qft,10,-,-,-,-,-,455.8634975119044,-,171.32699502380885,740.4
all_marrakesh,scenario2,qft,10,-,-,-,-,-,-171.32699502380885,-,171.32699502380885,740.4
all_marrakesh,scenario3,qft,10,-,-,-,-,-,740.4,-,171.32699502380885,740.4
all_kyiv,scenario1,qft,10,-,-,-,-,-,356.9350188137996,-,132.26003762759927,581.6099999999999
all_kyiv,scenario2,qft,10,-,-,-,-,-,-132.26003762759927,-,132.26003762759927,581.6099999999999
all_kyiv,scenario3,qft,10,-,-,-,-,-,581.6099999999999,-,132.26003762759927,581.6099999999999
all_sherbrooke,scenario1,qaoa,8,-,-,-,-,-,1383.9175837438736,-,225.16516748774657,2542.6700000000005
all_sherbrooke,scenario2,qaoa,8,-,-,-,-,-,-225.16516748774657,-,225.16516748774657,2542.6700000000005
all_sherbrooke,scenario3,qaoa,8,-,-,-,-,-,2542.6700000000005,-,225.16516748774657,2542.6700000000005
all_fez,scenario1,qnn,8,-,-,-,-,-,810.465806011304,-,362.01161202260806,1258.92
all_fez,scenario2,qnn,8,-,-,-,-,-,-362.01161202260806,-,362.01161202260806,1258.92
all_fez,scenario3,qnn,8,-,-,-,-,-,1258.92,-,362.01161202260806,1258.92
